Product SKU,Barcode EAN,HS Codes,Type,Taxons,Size,Colour,Product Name,Price,Inventory (qty),Composition,COO,MOQ,OQI,Image Source,Weight,Pieces Per Pack
,,,Product,envision-clothing,,,Replica Polo Shirt,�35.00,,TBC,TBC,25,,,,
ENV1102,0604565744128,,Variant,,XS,,Replica Polo Shirt - Men's,,,,,,,,,
ENV1103,0604565744135,,Variant,,S,,Replica Polo Shirt - Men's,,,,,,,,,
ENV1104,0604565744142,,Variant,,M,,Replica Polo Shirt - Men's,,,,,,,,,
ENV1105,0604565744159,,Variant,,L,,Replica Polo Shirt - Men's,,,,,,,,,
ENV1106,0604565744166,,Variant,,XL,,Replica Polo Shirt - Men's,,,,,,,,,
ENV1107,0604565744173,,Variant,,2XL,,Replica Polo Shirt - Men's,,,,,,,,,
ENV1109,0604565744197,,Variant,,XS,,Replica Polo Shirt - Women's,,,,,,,,,
ENV1110,0604565744203,,Variant,,S,,Replica Polo Shirt - Women's,,,,,,,,,
ENV1111,0604565744210,,Variant,,M,,Replica Polo Shirt - Women's,,,,,,,,,
ENV1112,0604565744227,,Variant,,L,,Replica Polo Shirt - Women's,,,,,,,,,
ENV1113,0604565744234,,Variant,,XL,,Replica Polo Shirt - Women's,,,,,,,,,
ENV1114,0604565744241,,Variant,,2XL,,Replica Polo Shirt - Women's,,,,,,,,,
,,,Product,envision-clothing,,,Performance T-Shirt,�25.00,,TBC,TBC,25,,,,
ENV1115,0604565744258,,Variant,,XS,,Performance T-Shirt - Men's,,,,,,,,,
ENV1116,0604565744265,,Variant,,S,,Performance T-Shirt - Men's,,,,,,,,,
ENV1117,0604565744272,,Variant,,M,,Performance T-Shirt - Men's,,,,,,,,,
ENV1118,0604565744289,,Variant,,L,,Performance T-Shirt - Men's,,,,,,,,,
ENV1119,0604565744296,,Variant,,XL,,Performance T-Shirt - Men's,,,,,,,,,
ENV1120,0604565744302,,Variant,,2XL,,Performance T-Shirt - Men's,,,,,,,,,
ENV1122,0604565744326,,Variant,,XS,,Performance T-Shirt - Women's,,,,,,,,,
ENV1123,0604565744333,,Variant,,S,,Performance T-Shirt - Women's,,,,,,,,,
ENV1124,0604565744340,,Variant,,M,,Performance T-Shirt - Women's,,,,,,,,,
ENV1125,0604565744357,,Variant,,L,,Performance T-Shirt - Women's,,,,,,,,,
ENV1126,0604565744364,,Variant,,XL,,Performance T-Shirt - Women's,,,,,,,,,
ENV1127,0604565744371,,Variant,,2XL,,Performance T-Shirt - Women's,,,,,,,,,
,,,Product,envision-clothing,,,Hoodie,�45.00,,TBC,TBC,25,,,,
ENV1128,0604565744388,,Variant,,XS,,Hoodie - Men's,,,,,,,,,
ENV1129,0604565744395,,Variant,,S,,Hoodie - Men's,,,,,,,,,
ENV1130,0604565744401,,Variant,,M,,Hoodie - Men's,,,,,,,,,
ENV1131,0604565744418,,Variant,,L,,Hoodie - Men's,,,,,,,,,
ENV1132,0604565744425,,Variant,,XL,,Hoodie - Men's,,,,,,,,,
ENV1133,0604565744432,,Variant,,2XL,,Hoodie - Men's,,,,,,,,,
ENV1135,0604565744456,,Variant,,XS,,Hoodie - Women's,,,,,,,,,
ENV1136,0604565744463,,Variant,,S,,Hoodie - Women's,,,,,,,,,
ENV1137,0604565744470,,Variant,,M,,Hoodie - Women's,,,,,,,,,
ENV1138,0604565744487,,Variant,,L,,Hoodie - Women's,,,,,,,,,
ENV1139,0604565744494,,Variant,,XL,,Hoodie - Women's,,,,,,,,,
ENV1140,0604565744500,,Variant,,2XL,,Hoodie - Women's,,,,,,,,,
,,,Product,envision-clothing,,,Performance Climate T-Shirt,�25.00,,TBC,TBC,25,,,,
ENV1141,0604565744517,,Variant,,XS,,Performance Climate T-Shirt - Men's,,,,,,,,,
ENV1142,0604565744524,,Variant,,S,,Performance Climate T-Shirt - Men's,,,,,,,,,
ENV1143,0604565744531,,Variant,,M,,Performance Climate T-Shirt - Men's,,,,,,,,,
ENV1144,0604565744548,,Variant,,L,,Performance Climate T-Shirt - Men's,,,,,,,,,
ENV1145,0604565744555,,Variant,,XL,,Performance Climate T-Shirt - Men's,,,,,,,,,
ENV1146,0604565744562,,Variant,,2XL,,Performance Climate T-Shirt - Men's,,,,,,,,,
ENV1148,0604565744586,,Variant,,XS,,Performance Climate T-Shirt - Women's,,,,,,,,,
ENV1149,0604565744593,,Variant,,S,,Performance Climate T-Shirt - Women's,,,,,,,,,
ENV1150,0604565744609,,Variant,,M,,Performance Climate T-Shirt - Women's,,,,,,,,,
ENV1151,0604565744616,,Variant,,L,,Performance Climate T-Shirt - Women's,,,,,,,,,
ENV1152,0604565744623,,Variant,,XL,,Performance Climate T-Shirt - Women's,,,,,,,,,
ENV1153,0604565744630,,Variant,,2XL,,Performance Climate T-Shirt - Women's,,,,,,,,,
,,,Product,envision-clothing,,,Graphic T-Shirt 2,�25.00,,TBC,TBC,25,,,,
ENV1154,0604565744647,,Variant,,XS,,Graphic T-Shirt 2 - Men's,,,,,,,,,
ENV1155,0604565744654,,Variant,,S,,Graphic T-Shirt 2 - Men's,,,,,,,,,
ENV1156,0604565744661,,Variant,,M,,Graphic T-Shirt 2 - Men's,,,,,,,,,
ENV1157,0604565744678,,Variant,,L,,Graphic T-Shirt 2 - Men's,,,,,,,,,
ENV1158,0604565744685,,Variant,,XL,,Graphic T-Shirt 2 - Men's,,,,,,,,,
ENV1159,0604565744692,,Variant,,2XL,,Graphic T-Shirt 2 - Men's,,,,,,,,,
ENV1161,0604565744715,,Variant,,XS,,Graphic T-Shirt 2 - Women's,,,,,,,,,
ENV1162,0604565744722,,Variant,,S,,Graphic T-Shirt 2 - Women's,,,,,,,,,
ENV1163,0604565744739,,Variant,,M,,Graphic T-Shirt 2 - Women's,,,,,,,,,
ENV1164,0604565744746,,Variant,,L,,Graphic T-Shirt 2 - Women's,,,,,,,,,
ENV1165,0604565744753,,Variant,,XL,,Graphic T-Shirt 2 - Women's,,,,,,,,,
ENV1166,0604565744760,,Variant,,2XL,,Graphic T-Shirt 2 - Women's,,,,,,,,,
,,,Product,envision-clothing,,,Graphic T-Shirt 3,�25.00,,TBC,TBC,25,,,,
ENV1167,0604565744777,,Variant,,XS,,Graphic T-Shirt 3 - Men's,,,,,,,,,
ENV1168,0604565744784,,Variant,,S,,Graphic T-Shirt 3 - Men's,,,,,,,,,
ENV1169,0604565744791,,Variant,,M,,Graphic T-Shirt 3 - Men's,,,,,,,,,
ENV1170,0604565744807,,Variant,,L,,Graphic T-Shirt 3 - Men's,,,,,,,,,
ENV1171,0604565744814,,Variant,,XL,,Graphic T-Shirt 3 - Men's,,,,,,,,,
ENV1172,0604565744821,,Variant,,2XL,,Graphic T-Shirt 3 - Men's,,,,,,,,,
ENV1174,0604565744845,,Variant,,XS,,Graphic T-Shirt 3 - Women's,,,,,,,,,
ENV1175,0604565744852,,Variant,,S,,Graphic T-Shirt 3 - Women's,,,,,,,,,
ENV1176,0604565744869,,Variant,,M,,Graphic T-Shirt 3 - Women's,,,,,,,,,
ENV1177,0604565744876,,Variant,,L,,Graphic T-Shirt 3 - Women's,,,,,,,,,
ENV1178,0604565744883,,Variant,,XL,,Graphic T-Shirt 3 - Women's,,,,,,,,,
ENV1179,0604565744890,,Variant,,2XL,,Graphic T-Shirt 3 - Women's,,,,,,,,,
,,,Product,envision-clothing,,,Hybrid Jacket,�60.00,,TBC,TBC,25,,,,
ENV1180,0604565744906,,Variant,,XS,,Hybrid Jacket - Men's,,,,,,,,,
ENV1181,0604565744913,,Variant,,S,,Hybrid Jacket - Men's,,,,,,,,,
ENV1182,0604565744920,,Variant,,M,,Hybrid Jacket - Men's,,,,,,,,,
ENV1183,0604565744937,,Variant,,L,,Hybrid Jacket - Men's,,,,,,,,,
ENV1184,0604565744944,,Variant,,XL,,Hybrid Jacket - Men's,,,,,,,,,
ENV1185,0604565744951,,Variant,,2XL,,Hybrid Jacket - Men's,,,,,,,,,
ENV1187,0604565744975,,Variant,,XS,,Hybrid Jacket - Women's,,,,,,,,,
ENV1188,0604565744982,,Variant,,S,,Hybrid Jacket - Women's,,,,,,,,,
ENV1189,0604565744999,,Variant,,M,,Hybrid Jacket - Women's,,,,,,,,,
ENV1190,0604565745002,,Variant,,L,,Hybrid Jacket - Women's,,,,,,,,,
ENV1191,0604565745019,,Variant,,XL,,Hybrid Jacket - Women's,,,,,,,,,
ENV1192,0604565745026,,Variant,,2XL,,Hybrid Jacket - Women's,,,,,,,,,
ENV1193,0604565745033,,Product,envision-accessories,One Size,,Replica Cap,�16.50,,TBC,Italy,25,5,,,
ENV1194,0604565745040,,Product,envision-accessories,One Size,,Bucket Hat,�12.50,,TBC,TBC,25,5,,,
ENV1195,0604565745057,,Product,envision-accessories,One Size,,Wireless Charger,�17.50,,"Bamboo, Bamboo+Aluminum alloy",China,,5,,,
ENV1196,0604565745064,,Product,envision-accessories,One Size,,Water Bottle,�15.00,,Stainless Steel,China,,5,,,
ENV1197,0604565745071,,Product,envision-accessories,One Size,,Face Mask,TBC,,100% Woven cotton,China,,5,,,
ENV1198,0604565745088,,Product,envision-accessories,One Size,,Tote Bag,TBC,,Recycled Clothing,China,,10,,,
ENV1199,0604565745095,,Product,envision-accessories,One Size,,Drawstring Bag,TBC,,Recycled Material,China,,5,,,
ENV1200,0604565745101,,Product,envision-accessories,One Size,,Sunglasses,�6.50,,,China,,5,,,
ENV1201,0604565745118,,Product,envision-accessories,One Size,,Anti-Theft Backpack,�30.00,,Recycled Material,China,,5,,,
ENV1202,0604565745125,,Product,envision-accessories,One Size,,Notebook,TBC,,Vegan Leather,China,,5,,,
